{"norway":{"2023-01":10654.584284,"2023-02":9561.604164,"2023-03":10505.632229,"2023-04":10043.577524,"2023-05":8440.935795,"2023-06":7552.369392,"2023-07":9077.367552,"2023-08":8264.413411,"2023-09":5347.44369,"2023-10":9214.570425,"2023-11":10341.336925,"2023-12":11260.328119,"2024-01":11323.310909,"2024-02":10219.579872,"2024-03":10717.113657,"2024-04":9975.772295,"2024-05":9092.265426,"2024-06":8863.750647,"2024-07":9901.220589,"2024-08":9415.435006,"2024-09":6577.001924,"2024-10":10019.347483,"2024-11":10386.223097,"2024-12":10725.657092,"2025-01":10916.407751,"2025-02":9885.234342,"2025-03":10863.043137,"2025-04":10514.872507,"2025-05":9277.165608,"2025-06":8525.741564,"2025-07":9559.480049,"2025-08":9704.682843,"2025-09":7928.567042,"2025-10":10427.043245,"2025-11":10880.067167,"2025-12":11224.354156,"2026-01":11357.195414,"2026-02":9966.438759,"2026-03":11092.078521,"2026-04":10632.795588,"2026-05":400.517368},"algeria_italy":{"2023-01":1357.186775,"2023-02":1597.076548,"2023-03":2052.160993,"2023-04":2522.045591,"2023-05":1839.515313,"2023-06":2032.834024,"2023-07":2002.351756,"2023-08":2096.362615,"2023-09":2273.896362,"2023-10":1876.309046,"2023-11":1653.597497,"2023-12":1785.93018,"2024-01":1420.193482,"2024-02":1351.167902,"2024-03":2015.02899,"2024-04":2140.313466,"2024-05":2017.114737,"2024-06":1819.54218,"2024-07":1732.809597,"2024-08":1695.588765,"2024-09":1165.856257,"2024-10":1961.074654,"2024-11":2033.185555,"2024-12":1761.558577,"2025-01":1879.261929,"2025-02":1755.68541,"2025-03":1795.814479,"2025-04":1843.433707,"2025-05":1854.039465,"2025-06":1837.33893,"2025-07":1580.656086,"2025-08":1793.53194,"2025-09":1060.027075,"2025-10":1683.733188,"2025-11":1598.866649,"2025-12":1448.19416,"2026-01":1862.73485,"2026-02":1733.012928,"2026-03":2008.2985,"2026-04":1965.163915,"2026-05":127.905125},"libya":{"2023-01":212.954883,"2023-02":189.950967,"2023-03":271.963055,"2023-04":251.993705,"2023-05":242.743983,"2023-06":210.224279,"2023-07":169.625164,"2023-08":141.496906,"2023-09":182.955214,"2023-10":198.5365,"2023-11":289.4359,"2023-12":166.87375,"2024-01":163.10287,"2024-02":137.016659,"2024-03":170.315704,"2024-04":211.045502,"2024-05":139.507907,"2024-06":63.647937,"2024-07":65.878728,"2024-08":77.978582,"2024-09":63.893613,"2024-10":93.460646,"2024-11":135.351611,"2024-12":88.190421,"2025-01":42.081324,"2025-02":35.219433,"2025-03":150.930394,"2025-04":134.395548,"2025-05":108.405536,"2025-06":48.939671,"2025-07":43.24306,"2025-08":19.398301,"2025-09":40.563548,"2025-10":155.230098,"2025-11":139.725747,"2025-12":42.503863,"2026-01":31.179513,"2026-02":37.97692,"2026-03":35.254291,"2026-04":10.385911,"2026-05":4.134437},"algeria_spain":{"2023-01":817.189147,"2023-02":708.244153,"2023-03":613.384061,"2023-04":671.609697,"2023-05":755.769265,"2023-06":485.686184,"2023-07":827.103537,"2023-08":748.324125,"2023-09":763.3273,"2023-10":928.918151,"2023-11":894.486252,"2023-12":876.485855,"2024-01":865.383767,"2024-02":791.664783,"2024-03":826.547906,"2024-04":807.965016,"2024-05":845.563284,"2024-06":834.810602,"2024-07":833.746515,"2024-08":835.706976,"2024-09":651.371002,"2024-10":995.228543,"2024-11":958.121759,"2024-12":940.385299,"2025-01":973.713715,"2025-02":881.220319,"2025-03":908.000391,"2025-04":755.612848,"2025-05":786.62202,"2025-06":760.360936,"2025-07":894.377594,"2025-08":881.72614,"2025-09":703.66998,"2025-10":963.13751,"2025-11":930.049911,"2025-12":861.280714,"2026-01":963.325504,"2026-02":874.12344,"2026-03":978.188151,"2026-04":936.78285,"2026-05":32.170072},"tap":{"2023-01":796.218364,"2023-02":678.056726,"2023-03":861.52247,"2023-04":857.26667,"2023-05":804.040425,"2023-06":784.031311,"2023-07":807.380853,"2023-08":824.533354,"2023-09":842.202409,"2023-10":927.050445,"2023-11":881.848939,"2023-12":798.285353,"2024-01":869.281532,"2024-02":831.700439,"2024-03":883.548666,"2024-04":818.759129,"2024-05":888.811087,"2024-06":865.822982,"2024-07":905.199819,"2024-08":655.356895,"2024-09":808.690593,"2024-10":925.32261,"2024-11":896.392602,"2024-12":933.521425,"2025-01":767.43341,"2025-02":689.093986,"2025-03":860.933065,"2025-04":775.162665,"2025-05":802.288913,"2025-06":861.428409,"2025-07":855.32032,"2025-08":845.167131,"2025-09":887.49401,"2025-10":913.119407,"2025-11":868.213137,"2025-12":840.307415,"2026-01":788.563183,"2026-02":763.708494,"2026-03":871.59118,"2026-04":800.865073,"2026-05":53.745387},"russia":{"2023-01":1020.028258,"2023-02":1028.819579,"2023-03":980.998198,"2023-04":1047.260136,"2023-05":734.235752,"2023-06":746.031925,"2023-07":1360.271234,"2023-08":2057.532078,"2023-09":1865.494874,"2023-10":1431.969233,"2023-11":1256.712486,"2023-12":1354.474278,"2024-01":1223.071762,"2024-02":1232.674669,"2024-03":1402.304983,"2024-04":1202.800804,"2024-05":1425.959352,"2024-06":1154.232607,"2024-07":1487.455893,"2024-08":1446.002885,"2024-09":1403.61332,"2024-10":1505.327508,"2024-11":1453.690194,"2024-12":1497.092564,"2025-01":1527.015178,"2025-02":1765.370817,"2025-03":1403.441354,"2025-04":1225.775605,"2025-05":1455.752621,"2025-06":1218.205281,"2025-07":1836.638064,"2025-08":1652.920375,"2025-09":1634.087822,"2025-10":1776.949517,"2025-11":1740.487782,"2025-12":1866.7919,"2026-01":1780.866789,"2026-02":1621.475311,"2026-03":1776.369021,"2026-04":1204.137541,"2026-05":82.292645},"_meta":{"updated":"2026-05-03T09:32:37Z","source":"ENTSOG Transparency Platform operationalDatas \u00b7 Physical Flow","unit":"mcm/month","start_year":2023,"end_year":2026,"routes":["norway","algeria_italy","libya","algeria_spain","tap","russia"],"points_ok":15,"note":"External supply corridors only; intra-European interconnectors excluded."}}